[
  {
    "id":0,
    "title":"Python",
    "description":"Python is an interpreted, high-level, general-purpose programming language. Created by Guido van Rossum and first released in 1991, Python has a design philosophy that emphasizes code readability, notably using significant whitespace. It provides constructs that enable clear programming on both small and large scales.[26] Van Rossum led the language community until stepping down as leader in July 2018"
  },
  {
    "id":1,
    "title":"Java",
    "description":"Java technology allows you to work and play in a secure computing environment. Upgrading to the latest Java version improves the security of your system, as older versions do not include the latest security updates. Java allows you to play online games, chat with people around the world, calculate your mortgage interest, and view images in 3D, just to name a few."
  },
  {
    "id":2,
    "title":"Javascript",
    "description":"JavaScript to program the behavior of web pages. Web pages are not the only place where JavaScript is used. Many desktop and server programs use JavaScript. Node.js is the best known. Some databases, like MongoDB and CouchDB, also use JavaScript as their programming language."
  },
  {
    "id":3,
    "title":"C++",
    "description":"C++ is a statically-typed, free-form, (usually) compiled, multi-paradigm, intermediate-level general-purpose middle-level programming language. In simple terms, C++ is a sophisticated, efficient and a general-purpose programming language based on C. It was developed by Bjarne Stroustrup in 1979. Many of today’s operating systems, system drivers, browsers and games use C++ as their core language. This makes C++ one of the most popular languages today.Since it is an enhanced/extended version of C programming language, C and C++ are often denoted together as C/C++"
  },
  {
    "id":4,
    "title":"C#",
    "description":"C#(pronounced C sharp) is a general-purpose, multi-paradigm programming language encompassing strong typing, lexically scoped, imperative, declarative, functional, generic, object-oriented (class-based), and component-oriented programming disciplines.[16] It was developed around 2000 by Microsoft within its .NET initiative and later approved as a standard by Ecma (ECMA-334) and ISO (ISO/IEC 23270:2018). C# is one of the programming languages designed for the Common Language Infrastructure."
  }
]
   